ID,Group,Feature_1,Feature_2,Feature_3
ID001,C,2536.3500529124667,407.86544120879364,-2148.3196360777397
ID002,A,2800.0,388.976343782833,6469.555632843005
ID003,C,2517.229220232084,394.6883853782802,-2132.796910193461
ID004,C,2732.6894282099456,406.8030675061776,-2321.8659152006185
ID005,A,2525.4959354360963,418.36876656439216,5484.739544878096
ID006,A,2672.986777964268,424.3509484344857,5909.250106006104
ID007,C,2653.986976982812,376.9457805996052,-2250.7913304307162
ID008,B,2524.9132198762227,404.01626836546694,5034.342065937932
ID009,C,2346.9425129106767,421.8924040507528,-1932.837075435194
ID010,C,2459.6358343106576,374.72033591857087,-2082.646388466018
ID011,C,2723.356776082672,404.7157524108227,-2331.905263482483
ID012,C,2631.673775272017,399.96874303869726,-2222.318840937851
ID013,A,2434.952450984223,406.2181272156968,5283.88718834007
ID014,C,2448.65370420634,388.41543962010286,-2053.5248756742967
ID015,B,2240.369034435165,378.4657175767984,4483.577049880844
ID016,A,2716.6508187972718,371.30340362231465,6309.871943615879
ID017,B,2632.909534036923,414.64575930193155,5251.95156229382
ID018,B,2479.4383268437223,416.5607370472503,4959.659872031555
ID019,B,2530.0201628760133,404.54028023493976,5051.174691327264
ID020,B,2200.0,391.9877747546785,4410.678995990782
ID021,A,2426.9928255935874,375.6543115980138,5380.706824816615
ID022,A,2700.1668461296204,408.45018193757534,6057.912622313868
ID023,B,2647.232106509512,383.4883107574497,5298.487077263863
ID024,B,2549.6050835595897,389.33052062859196,5087.840261499494
ID025,A,2497.7922612047596,391.2015388065592,5529.854809194824
ID026,A,2619.460814454449,397.0369716145455,5873.382133067085
ID027,A,2457.7922340173373,388.6143932918703,5441.765892145958
ID028,C,2250.2960205707486,400.5018815648845,-1862.1885697489088
ID029,C,2499.070129048919,390.67272549240414,-2118.6988028410115
ID030,C,2560.4678990628368,410.52059597258835,-2136.440249837764
ID031,B,2668.401652719703,415.4659437098208,5333.527600640368
ID032,C,2283.8206359256,401.6281401404266,-1891.522964263313
ID033,B,2481.5633040172816,406.9393950307165,4971.870825601166
ID034,B,2488.7044517867316,431.76783924438837,4971.5505396066765
ID035,C,2334.812214272933,382.41095114708025,-1940.0722047017875
ID036,B,2573.150991238494,381.4979784807984,5138.337337953231
ID037,C,2612.10520474177,410.4249685116531,-2203.595370972017
ID038,C,2456.3961537953437,429.1981425627215,-2015.8583512479574
ID039,A,2800.0,396.09252157091913,6416.82226169132
ID040,C,2452.0959988699515,425.9025076332814,-2017.1208513717263
ID041,A,2432.9974793963997,401.4465057819024,5290.973337998316
ID042,C,2428.6492978047095,389.7866907694138,-2015.0823053584954
ID043,C,2377.6751390067266,385.13961417043447,-1973.7101815870578
ID044,A,2416.1461760149214,409.4412037733018,5185.29535402905
ID045,A,2284.8866696151213,386.2756139832596,4929.548863104042
ID046,C,2471.270076413006,401.21915264150545,-2079.847771604713
ID047,B,2508.6211004536444,423.7519753807614,5019.540284172802
ID048,A,2200.0,395.3982941069294,4623.828977017076
ID049,B,2484.7075731280215,419.7101421196585,4956.750502050933
ID050,B,2506.3201122612895,381.7818476541039,5025.342039044943
ID051,B,2577.188348603581,391.991363480248,5156.81633252999
ID052,A,2680.695260886374,378.89283960677625,6144.20538819717
ID053,B,2627.7031396900766,401.09495133960036,5250.14896148923
ID054,A,2406.9454416196672,411.70117269574877,5164.007785017452
ID055,B,2389.5381741613533,401.12780631409277,4783.971448532878
ID056,C,2586.925660232478,418.4057508995523,-2170.019618769225
ID057,C,2417.908024549372,388.76231139056307,-2063.1359480081233
ID058,A,2315.791897131456,403.380141305336,4930.677673462599
ID059,C,2800.0,392.0879601457922,-2425.209824593525
ID060,C,2453.391360307421,405.42514878135484,-2050.479642313855
ID061,B,2406.0213725967183,407.5560406931864,4795.1879741086
ID062,A,2200.0,408.7359393997609,4539.322331380242
ID063,B,2627.710313856824,383.941084926466,5270.24208957703
ID064,B,2351.809623130519,386.6538084732015,4699.778142489705
ID065,B,2504.293083935174,389.4356843771322,5003.826221952485
ID066,B,2645.293473445663,396.41678878200105,5296.377235477269
ID067,B,2354.1597178413895,401.3077960630965,4703.8723494059095
ID068,B,2511.922367772631,410.62133682785014,5049.090408650791
ID069,B,2728.5681115290713,387.2785195099115,5453.85998592943
ID070,A,2200.0,375.9847105344737,4724.4579522714275
ID071,C,2378.424122953117,432.3361474481018,-1934.436679528493
ID072,B,2364.318717431939,383.02820469021356,4747.864473571161
ID073,B,2471.964231615939,412.5448558449333,4935.024389603986
ID074,B,2492.831368393969,400.4690031587301,4980.647174741875
ID075,B,2340.8106050580113,403.7695846120957,4696.916312619544
ID076,B,2401.8439980830476,399.9767424124615,4813.408743814727
ID077,B,2384.0162544320765,394.2273717707931,4780.934620092175
ID078,C,2447.3816132240695,406.9595842438519,-2056.8464835029336
ID079,C,2532.7334098796646,393.42119190614056,-2120.736220926436
ID080,B,2636.584618355662,417.4945412085518,5264.032346191906
ID081,C,2658.299649481962,408.52661509384234,-2247.465518650417
ID082,A,2598.0451392002988,408.9939116992224,5747.387184573683
ID083,B,2368.9038820772357,392.39315409915116,4727.265970115895
ID084,A,2499.5056119508968,396.45467894366504,5499.293011973313
ID085,A,2800.0,382.18130787036904,6468.16728324856
ID086,B,2652.179903903095,394.70475914911657,5305.788028678838
ID087,C,2433.924316168971,384.4513612546555,-2067.7767839971166
ID088,A,2737.305727444567,419.6960277338307,6099.831256523504
ID089,B,2441.789621530388,400.7580372339101,4880.962812522397
ID090,A,2399.7397047545096,402.5574585256065,5154.766119632378
ID091,A,2709.3597903892846,396.62280208974965,6154.313117263634
ID092,A,2303.552606498215,402.9636838307711,4866.920742335507
ID093,A,2212.933362959747,436.9731645378653,4453.00579749392
ID094,C,2641.192686709071,395.4978957341126,-2245.514560255827
ID095,A,2504.153639742432,390.2438044793501,5567.6986374727285
ID096,A,2519.1048217805733,407.94539699358165,5517.0873107451325
ID097,A,2445.7865740859534,362.1142204959627,5551.003515344045
ID098,C,2464.225994892391,400.959351803664,-2060.6708405099052
ID099,A,2431.2835145752933,394.4243064506065,5334.372360263771
ID100,A,2406.10106046184,385.11530100945856,5284.045122631784
ID101,C,2442.713466644686,407.6163650546725,-2033.6480199157397
ID102,C,2437.982314177345,400.8098262766869,-2018.601646760311
ID103,C,2375.7124343471896,372.96386638758673,-2005.6009094558785
ID104,A,2418.2246201002235,390.30205718211346,5305.470391560446
ID105,C,2200.0,356.67593192210916,-1831.553826688241
ID106,C,2602.696330233275,404.39903971200255,-2207.2040447635723
ID107,A,2558.5379903474714,404.2494912766023,5628.427790659572
ID108,C,2487.263675125625,388.1007715924949,-2096.0960196885817
ID109,A,2535.5986577139615,408.1016906752469,5578.151549797946
ID110,B,2541.036610470794,380.7625206831772,5065.855871762885
ID111,C,2391.3997305093553,385.5022446109751,-1997.854847131052
ID112,B,2420.1129546669395,406.2578569657385,4848.349505981953
ID113,A,2579.2474914445565,389.66999867555586,5762.110525846507
ID114,C,2531.12552277387,399.06014565696336,-2143.3008407057882
ID115,A,2800.0,391.5452645886049,6437.523731688196
ID116,B,2742.9418233155966,393.8360326555122,5483.728158628371
ID117,A,2639.9518210582523,394.4916367606751,5938.479668194166
ID118,C,2385.739762640827,389.39864864172733,-2005.905147642086
ID119,C,2415.316449509564,404.5367457154019,-1990.721909099977
ID120,B,2349.69299145569,390.5810726986908,4698.095273329073
ID121,A,2541.9636024680062,400.235300706934,5616.373779947551
ID122,C,2200.0,389.06902477938394,-1811.4250089435668
ID123,B,2431.20710845855,376.9855206042331,4868.859306913834
ID124,C,2453.9925401017276,413.6865287388875,-2039.6864948423056
ID125,C,2271.3564200245014,407.49290477643115,-1866.332246338006
ID126,A,2619.6604471867954,434.33023103196507,5679.529986376515
ID127,C,2329.128740711518,384.34040740002615,-1952.7339034571028
ID128,A,2540.161399855489,396.8655926900195,5628.982535478544
ID129,C,2800.0,398.07238778716294,-2397.861837003108
ID130,B,2258.349158506717,414.84054157423196,4504.768155904612
ID131,C,2477.7172892489425,392.39338158801087,-2080.604676979289
ID132,A,2438.8809793547102,382.43437218736216,5421.427014194842
ID133,A,2409.704698165542,418.11713962691505,5142.43688465581
ID134,B,2614.037664195304,395.2502495610816,5223.640302043602
ID135,C,2665.9493657242665,413.17965264589066,-2268.3472356990314
ID136,C,2615.7457223952006,411.43297601188317,-2185.3754646883795
ID137,B,2391.499137632315,399.5516428914655,4768.958063457443
ID138,C,2800.0,397.3852944244788,-2392.4319611618125
ID139,C,2234.463521748716,394.1265279050529,-1832.6747795165295
ID140,A,2345.1056396448557,399.7721030684502,5033.615180356747
ID141,C,2525.459392658556,412.94650339255946,-2115.6686349113647
ID142,C,2513.4090878718475,388.0533972841063,-2147.3842258762334
ID143,B,2573.206611906812,401.6326844531368,5150.3740038233755
ID144,B,2737.0201142612805,383.2205285770179,5481.479344511311
ID145,A,2482.02236209516,385.08840650436713,5507.55609236987
ID146,C,2517.059419031947,399.53591504266564,-2119.3933616812305
ID147,C,2410.822592091363,370.59762987559253,-2039.770619235663
ID148,C,2588.2492777690964,430.9083792492408,-2150.326026984461
ID149,A,2452.228223402449,382.10410067634643,5446.209803739093
ID150,A,2452.1414468400485,399.3986723101517,5339.915146721848
ID151,B,2581.5224729445667,417.52326582725294,5156.685692655584
ID152,A,2655.23813906209,387.0564199187425,6033.127827017225
ID153,C,2200.0,365.4595451568293,-1824.4421147386936
ID154,C,2554.1167637010144,393.3258135981299,-2168.2025894156154
ID155,A,2459.4695021983694,386.8776942988582,5470.271833595417
ID156,C,2642.1425406492112,365.85439737111994,-2299.021820104135
ID157,C,2462.4816098388233,404.273348388583,-2064.972663550935
ID158,A,2695.157864974345,403.10640793349427,6068.945152013651
ID159,A,2398.538046927394,417.1348968180753,5107.530666729172
ID160,C,2200.0,383.1876645171942,-1831.5980434405838
ID161,C,2657.73895610075,376.0129527032948,-2276.351662424434
ID162,C,2373.468255663179,393.89915375430127,-1975.1159732931108
ID163,B,2262.9622094884708,398.6748601148636,4526.49995632872
ID164,B,2502.4080127965894,413.82024404479745,5008.798151952281
ID165,B,2464.1232000954747,421.1585200750774,4923.1610832535725
ID166,A,2623.465746361751,418.2171870086102,5759.902948640898
ID167,B,2633.8616229722816,404.14815500339,5259.123567503936
ID168,A,2514.343066883409,411.9924888025622,5484.951411614329
ID169,A,2367.2776087123025,390.3925984784622,5151.822766722754
ID170,B,2543.0411891836447,402.5259278871287,5086.57892699832
ID171,B,2524.7791570180866,382.1306479106829,5056.142813251993
ID172,B,2585.3405011704463,400.9402809533031,5163.707249795492
ID173,C,2368.778992938295,401.3297004609702,-1967.1291197919982
ID174,B,2439.944069024867,425.83192908527457,4886.7532513905935
ID175,C,2576.4067174504157,396.5652570776463,-2180.8601381947974
ID176,A,2687.0990582847585,401.3506425647993,6039.624074889405
ID177,C,2644.8883011939383,403.55442123568065,-2252.871740394124
ID178,B,2512.3082306729198,393.1776952616732,5034.586689237192
ID179,A,2426.890746411828,387.9626090018253,5357.568860181668
ID180,A,2560.573083801896,419.48216987270575,5598.411799336048
ID181,A,2336.2914344059795,385.2862383555955,5085.228982836866
ID182,C,2377.449784110866,380.0812289246909,-2011.8061464103753
ID183,B,2726.4656968689437,410.2039806894322,5452.855175056613
ID184,A,2560.3051720070384,417.3672226303601,5612.826464452721
ID185,A,2447.870989934057,393.22885513599044,5384.890554687696
ID186,A,2624.3708026877903,393.4591976852518,5903.326689364905
ID187,C,2693.046244577439,404.2381528916019,-2281.2645888917423
ID188,C,2433.304366263154,389.38220984885226,-2059.154898893689
ID189,B,2435.8888086325787,388.27431219082047,4863.429560730979
ID190,C,2417.103133997949,413.19388881979546,-2016.9195418704214
ID191,A,2644.577547807304,409.10696651175425,5893.832672683322
ID192,B,2646.0336171280187,419.6673832947716,5300.636476252678
ID193,A,2707.8854981936647,381.2111648145176,6215.754758182026
ID194,A,2651.2904424773255,392.4630626963407,5981.080857829397
ID195,C,2255.1672880857222,404.2176934340418,-1851.1865837740959
ID196,B,2542.1446481377297,386.1156872533845,5078.450337587374
ID197,C,2341.242189572942,409.6253115573197,-1941.1709264719473
ID198,C,2423.0628437542878,418.36940630839496,-2000.625513222182
ID199,B,2525.5891305371297,391.24963041658975,5042.082354404035
ID200,A,2625.3348097524854,400.5788791034055,5854.313836944861
ID201,A,2366.3734986323384,421.83428035121676,4973.819720496573
ID202,B,2200.0,426.989073625285,4380.760874398208
ID203,A,2527.0796262708145,411.18701876590603,5528.273927981828
ID204,B,2800.0,408.90143759790413,5601.804865258114
ID205,B,2469.5730670494772,387.1939519797263,4940.352375233052
ID206,C,2507.0373152425386,405.3881410068676,-2094.5963944059117
ID207,B,2767.324542780412,408.352312611625,5548.952591834229
ID208,C,2588.541192859268,396.8444476215843,-2198.803943607585
ID209,A,2532.529155547441,391.0783561816651,5647.073415460858
ID210,A,2566.317499797021,380.7805348978472,5776.094438812956
ID211,A,2537.5365898860473,373.9340536742306,5759.484018242149
ID212,A,2329.036835776494,370.78174730018253,5118.263795969951
ID213,C,2298.783226330045,408.6916385930089,-1898.6125611655214
ID214,A,2783.0242168186355,402.2154898784016,6330.822686899101
ID215,B,2527.5825027857736,392.74283302688355,5036.849753610881
ID216,B,2515.0143163869548,395.0281555341304,5030.4195397028125
ID217,B,2486.4658503915684,403.15705812295727,4975.498547201555
ID218,C,2617.160990142468,397.5315539348711,-2221.9024002593756
ID219,A,2800.0,379.89170229994255,6482.058516915915
ID220,A,2578.592900066169,413.6950033041145,5691.104318496155
ID221,A,2411.786976052817,404.5618925600471,5219.142234916235
ID222,C,2479.9898713162684,403.9884771972077,-2044.390729595261
ID223,B,2660.6494700807884,412.56344055037556,5311.637629282941
ID224,B,2412.5799097880504,387.7953196591049,4836.654406314225
ID225,A,2627.83697335454,418.20597156588764,5801.832348882911
ID226,B,2200.0,397.8993572208664,4396.513098762832
ID227,B,2465.518064283042,413.3289832049631,4947.968739378794
ID228,C,2594.2210020221005,411.0167355023148,-2188.069186611151
ID229,C,2690.5188319863573,384.41797257996166,-2310.431556439491
ID230,C,2377.2288674436413,407.543506073712,-2011.34252007319
ID231,C,2274.5852473554096,404.89412006270027,-1864.7827906477976
ID232,A,2460.8897252662273,400.4546748624151,5364.489682546417
ID233,C,2331.1871488379666,398.5844237494693,-1939.2113794368433
ID234,B,2477.6444999905707,398.71160125423313,4942.974364316201
ID235,A,2499.0019818053142,412.1903413846599,5431.659460020824
ID236,B,2302.128243219708,408.66865770687264,4609.583049202025
ID237,B,2620.6658665166296,400.45718275398497,5241.465431789844
ID238,B,2476.4179159953324,377.62095780292935,4961.351527476734
ID239,C,2662.0689803508026,407.4166512112543,-2239.464774712521
ID240,C,2223.264213955586,410.8542042876667,-1816.8355609080534
ID241,A,2347.4211744181916,434.50615128170455,4863.989959941858
ID242,A,2577.5003962972182,416.13149594657557,5663.336441002721
ID243,C,2380.13341437621,371.512354181268,-1996.176492730063
ID244,B,2475.3196512925456,401.1764409852796,4959.5263930023275
ID245,A,2500.1048676335763,427.17062542997473,5353.0353300699835
ID246,C,2523.7383971430054,409.35323285352456,-2109.313303503461
ID247,C,2398.365068089944,404.92978240559813,-1992.1216384357783
ID248,C,2522.392984520872,413.50342988372853,-2096.2592073409473
ID249,B,2382.618444214828,390.664327075138,4758.362423355203
ID250,C,2601.142070312016,407.1713499494118,-2213.970043856403
ID251,C,2482.7733970775466,396.24297941512134,-2078.2475760578623
ID252,C,2523.2554935393277,399.7056477128429,-2154.25026642557
ID253,C,2800.0,412.4268177354266,-2396.3513431113292
ID254,A,2333.934331809997,386.0993034626173,5059.028131981086
ID255,A,2708.2873403560434,419.3197371070291,6015.904119482117
ID256,C,2200.0,393.65782058371684,-1815.3305570677444
ID257,B,2200.0,403.9099424972561,4414.608482837019
ID258,A,2313.9039883468645,378.99238059587583,5056.59672708929
ID259,C,2323.3707452087597,410.79755936307083,-1915.593954029599
ID260,A,2530.5552697208273,421.69755903919867,5496.781495628797
ID261,A,2543.47633962527,392.2803767617278,5656.279569205175
ID262,B,2461.7768097441453,383.346649202356,4909.174218859324
ID263,C,2477.518304985631,404.1697459711406,-2062.985399103531
ID264,C,2579.1647141397493,421.82215967487616,-2150.3868357130013
ID265,B,2624.9835816431114,378.2521515177864,5244.444002467223
ID266,B,2301.0191475835363,383.4053772815749,4588.412764442695
ID267,C,2445.7163543150496,393.18715662532725,-2035.0124151892671
ID268,C,2489.5615265630486,387.6948426320396,-2122.507914542383
ID269,B,2572.797399484068,387.7422180008651,5138.413687744013
ID270,A,2384.0999286589795,368.5881905850433,5312.101751381936
ID271,A,2486.6168236609496,408.835854211088,5437.297177628586
ID272,B,2504.4975451790738,405.08080754304456,5013.592292903026
ID273,A,2394.3294844810707,374.5172620029453,5316.165799264645
ID274,B,2390.7527275078173,421.8579363993437,4774.672850613857
ID275,A,2514.8118666456003,425.21638472395733,5425.17543902031
ID276,A,2480.4482281019186,388.7364167532983,5498.926312389814
ID277,C,2575.0716279130947,417.49822886465506,-2176.63497353345
ID278,C,2342.0111919032506,391.4050329251358,-1941.0909407361976
ID279,A,2447.397770818182,402.7167476531659,5340.254294866879
ID280,A,2465.6175922669613,387.4635679746864,5469.175317513306
ID281,C,2622.079586218541,433.21377285193415,-2188.465878258617
ID282,C,2358.9379338148146,395.55974159005154,-1974.8523148225588
ID283,C,2535.1978007732628,401.8967353423519,-2161.0112702063293
ID284,B,2537.913326130683,389.6809391880426,5077.711295526183
ID285,A,2746.959586401996,427.9197339585459,6114.26339413015
ID286,C,2348.936595354061,428.29921969134114,-1908.690986033723
ID287,A,2401.415002282376,424.4639377189441,5091.718192373134
ID288,B,2359.396647666502,414.3466052252143,4717.902763590411
ID289,B,2249.53312418974,390.6281567959892,4512.115818467858
ID290,C,2764.7030401394077,412.41775143943624,-2341.1953468137003
ID291,B,2313.7748153576317,399.894358016129,4622.4780279866045
ID292,A,2377.554188641773,419.6861293261395,5042.351095494012
ID293,C,2697.364976242324,416.7385308004804,-2287.057955186755
ID294,A,2237.0339429592677,390.26101632886116,4766.2770380129
ID295,A,2613.452735393107,414.21738704255824,5753.681871234918
ID296,B,2288.0463481987335,410.2305167506589,4561.426154693392
ID297,B,2687.004210479438,358.39655705629826,5386.706905522203
ID298,B,2200.0,412.01404959444193,4411.250721466457
ID299,B,2236.9795875624004,393.5230631703969,4481.5625136117105
ID300,B,2418.2616647561636,386.70936318502487,4837.578955364961
ID301,C,2645.7734035259105,387.35109093559385,-2287.1176057626067
ID302,A,2495.356262404514,397.97135656551956,5495.313493127467
ID303,A,2449.642739067014,407.20089370130023,5318.373946700819
ID304,A,2701.9066311197075,379.5180696671173,6201.712746052821
ID305,A,2800.0,402.84771754318695,6377.211481970367
ID306,B,2600.838592662066,408.6513709928961,5219.0102299819755
ID307,A,2406.5718245348075,427.92708675504446,5079.3565719325015
ID308,C,2437.278544898609,383.849647461623,-2047.9713554012776
ID309,C,2306.7328930364015,394.7558171983329,-1902.6874982986362
ID310,A,2515.122613338108,403.9249445904472,5513.725872144027
ID311,A,2255.561052103551,417.2111399528741,4682.945945618853
ID312,C,2582.779548296425,395.4366417824228,-2171.507172580275
ID313,C,2800.0,417.97962057986575,-2360.1897012205377
ID314,B,2607.6387369689573,370.93956525285313,5215.756710704491
ID315,C,2429.6278419707596,381.1997771031717,-2051.283387435753
ID316,B,2579.0406118947685,405.22966516501333,5161.309512607188
ID317,B,2743.0800167748816,378.83763252868187,5489.083678114093
ID318,B,2735.574195289171,382.38294209849926,5487.789487371915
ID319,B,2349.4363162654945,392.0833470363109,4686.915932260984
ID320,B,2576.5444584373486,411.5715848787374,5149.730439840705
ID321,A,2476.28477648947,371.5605273803907,5557.645996643938
ID322,C,2620.988987187053,402.55447543243594,-2230.579650384188
ID323,B,2557.5420930725154,415.4944592072921,5119.6030743267
ID324,C,2200.0,397.07582187356564,-1793.20588402679
ID325,C,2447.798037055474,394.46754655611187,-2061.1231908242876
ID326,B,2529.783754434444,406.0265692383786,5068.832646336591
ID327,A,2284.8452549261733,397.1183342091784,4882.283037618213
ID328,B,2587.153301479898,420.85749671861123,5197.523074940997
ID329,A,2271.3977137409456,383.3288048179835,4898.386079319012
ID330,C,2380.234142887442,399.2253376725237,-1988.6859795442479
ID331,A,2701.19678795502,403.08529562441026,6076.134222563739
ID332,A,2367.4333316703596,394.3231892223031,5117.462530524525
ID333,A,2586.0950438802515,356.9307600556381,5988.628699779407
ID334,C,2236.963942313697,397.5864263792621,-1857.5586600499025
ID335,C,2800.0,413.502654803687,-2371.8843633684983
ID336,A,2454.3169542269115,411.67163779189025,5294.171381370257
ID337,A,2514.298121042158,405.321677232553,5508.063502589396
ID338,B,2526.855519482345,383.53206462476163,5051.89237350457
ID339,A,2591.135029649704,405.92964193687726,5735.3130246699275
ID340,B,2272.1230025520736,391.39843267686643,4555.429762163662
ID341,A,2499.1995293745003,405.30224358923,5492.847497601144
ID342,B,2401.1846761327965,401.82257517102573,4794.480166374956
ID343,C,2246.5664160882593,385.35437093074944,-1866.3988992274853
ID344,A,2648.0683300193064,386.61316240964646,6009.17932832228
ID345,A,2447.1740524600614,405.32533681632276,5321.388154460483
ID346,A,2536.378063841878,396.6833035706725,5623.875862324802
ID347,A,2526.9768128092087,387.39577854014306,5660.598634659541
ID348,B,2449.772159143583,386.15754715409753,4913.303805285909
ID349,A,2796.2541030446173,395.44253728020675,6397.3240744896775
ID350,C,2492.9103021056485,423.52157192077317,-2063.1371121979773
ID351,C,2266.3071523485,392.1088295168206,-1855.9542519839654
ID352,A,2439.942795972502,399.78970692613615,5314.942481937624
ID353,C,2574.9606430168164,401.52466431534265,-2176.9671571629965
ID354,A,2579.8892664055825,383.03460412762087,5818.158334604408
ID355,A,2336.8328597107356,373.55751274235956,5136.626108034127
ID356,C,2639.4223761017156,384.600388978964,-2274.8434057456843
ID357,A,2235.569960669344,403.70616066709454,4672.239299254979
ID358,C,2671.6202803924625,401.3099658687311,-2269.3806298988848
ID359,B,2302.097816629389,410.53609853726596,4622.358808954611
ID360,A,2466.0632171486986,401.45124842438673,5383.573079573943
ID361,B,2659.685301704005,398.35676062796193,5311.6575157726265
ID362,C,2517.9408503330606,390.9398158761231,-2106.5827816118885
ID363,B,2622.5047776570354,413.2691018479404,5231.710465772279
ID364,B,2592.7992939564897,386.21229791918927,5165.663669960502
ID365,C,2692.94029201069,383.3440072405597,-2319.5384700037803
ID366,B,2659.3314776370567,408.50583276082153,5310.709541528581
ID367,B,2431.9383537195336,380.00264034019517,4842.9072704227265
ID368,C,2594.9412450690197,436.22186497987946,-2160.2558805644353
ID369,B,2271.017220745338,401.19990070838713,4553.415797689015
ID370,C,2491.314263899332,405.21859174487327,-2101.527129439037
ID371,B,2622.7727101957807,387.8737026321492,5246.596359019005
ID372,C,2520.0771481369,395.2710273363768,-2120.054892693002
ID373,C,2566.995959727563,393.5986432467647,-2174.3979277840895
ID374,B,2468.009143605131,391.87247518497037,4938.246598287155
ID375,B,2669.3604156302713,409.4944262726474,5341.088758411685
ID376,B,2487.9376339436512,393.2563594266208,4966.122532404282
ID377,A,2430.182472639392,415.2625184362627,5232.217816601005
ID378,A,2632.9776118853583,439.9477352517974,5714.167241406002
ID379,A,2289.226011645331,395.56688139780175,4904.122564713877
ID380,C,2575.1550015276016,402.28473270364935,-2160.706159937426
ID381,B,2343.627268865929,405.6922308574826,4668.354784098662
ID382,C,2691.6890243857247,427.17257218890273,-2253.403703663078
ID383,A,2460.8459120129805,398.76028322442716,5396.603537047399
ID384,B,2520.247708122953,387.56474620512455,5022.057132866581
ID385,C,2561.8855594966185,381.00489241561445,-2183.459591342805
ID386,B,2210.5473105528763,399.13024078851646,4424.416142497656
ID387,C,2402.4122737664716,393.2742967141918,-1989.1661718747844
ID388,B,2656.531886392983,430.1501393395,5321.760459080697
ID389,A,2630.1647536256332,426.5479363101545,5747.379790598788
ID390,A,2542.4548308092826,384.48440758114606,5725.287116023541
ID391,B,2297.5804642861713,389.3385984467623,4595.686285724909
ID392,C,2587.8255191287867,401.1065516183033,-2189.7890611533203
ID393,A,2607.0099385308167,420.9583963383814,5712.312415541477
ID394,A,2507.0525819685618,400.8551970455658,5497.399097821579
ID395,A,2683.4756425887185,390.2913904301793,6097.6527415694645
ID396,B,2397.4852314804816,399.11677285145913,4800.940286048631
ID397,B,2423.5213633750036,390.5727270415593,4842.418126819704
ID398,C,2200.0,409.0371581415922,-1785.917412131437
ID399,C,2637.9741265221496,389.3644943250294,-2258.9823250480904
ID400,C,2547.0792945205203,392.3434592135955,-2156.4269702782562
ID401,B,2247.726951230016,417.42900720184144,4499.252386379335
ID402,B,2236.210150000878,388.4745257902889,4474.696230526517
ID403,C,2369.105405894348,378.30807951159755,-2010.0629074593792
ID404,C,2619.048691297053,401.4249062703446,-2222.8918564371634
ID405,B,2454.9459267867055,394.5928989369311,4930.021408737162
ID406,C,2379.281962500951,407.6712325139493,-1977.520082878968
ID407,A,2349.0826160374754,404.7620790209663,5023.627143536937
ID408,B,2342.363206325772,399.52122258034956,4683.685343644956
ID409,C,2209.948254833866,399.08434861795007,-1792.04502910888
ID410,B,2318.8906252530437,388.96212326015745,4653.265667972423
ID411,A,2339.413288048425,401.25020606489863,5021.679205818607
ID412,B,2602.3934854685717,413.2192717214915,5193.108063176673
ID413,B,2475.1415420280077,385.3982988790079,4954.593280646321
ID414,B,2376.1622735473807,399.91903935457697,4759.139848011663
ID415,B,2800.0,415.5758313360192,5591.616741972847
ID416,A,2400.415462968,407.58136139825046,5152.893376642577
ID417,B,2675.0654371575456,419.6420934452607,5370.591044081576
ID418,B,2743.166283668157,391.47786505248496,5482.722927589711
ID419,C,2264.5059493513986,372.53847327407703,-1872.587754250388
ID420,B,2511.094444611035,403.0097770593353,5034.154014288005
ID421,C,2422.3699523637665,405.4385622253973,-2012.0368687498656
ID422,A,2410.1613405160997,420.52632931709013,5133.282752199162
ID423,A,2583.306522521036,417.82218602060476,5644.003602736116
ID424,A,2406.5694255365074,408.05115434518694,5181.9338022416005
ID425,A,2425.6046430510296,411.4808532125565,5236.413908046085
ID426,C,2474.782765656206,397.12267812690044,-2069.484013491078
ID427,B,2443.9901097435145,381.7132808302118,4889.832259731802
ID428,A,2323.964468948181,401.7658182607137,4983.607561890779
ID429,B,2619.385975727121,414.73860195441665,5236.551462782312
ID430,C,2657.2796407761402,409.8454130474282,-2254.868895828972
ID431,C,2551.5427884302826,412.50711008739046,-2137.1896953499527
ID432,C,2443.51710234666,393.5836646942987,-2040.735829235022
ID433,A,2394.2183895505327,396.0167974297236,5181.95765235328
ID434,B,2394.456990561033,407.25138232171906,4792.332404843951
ID435,B,2800.0,391.8023890823687,5609.724140186436
ID436,B,2640.6757452349966,392.26424395100497,5278.115790966431
ID437,C,2373.983488212499,404.46973354566177,-1956.2301774712057
ID438,A,2524.704674115571,411.4135711473536,5524.740406558878
ID439,C,2445.6197462350956,397.00706990005887,-2022.9160789129037
ID440,C,2587.5700564234435,382.5521580841954,-2214.0251331102227
ID441,B,2581.524865418401,388.96294127435755,5173.018249042755
ID442,C,2662.541448085821,403.05508127339647,-2271.694253705993
ID443,B,2372.4165312006708,402.8728144579895,4725.448664986021
ID444,A,2515.7102947957196,403.61857206483023,5504.611653949194
ID445,B,2237.717952256371,407.81942935893636,4481.895792781505
ID446,A,2311.3989549356734,400.08715837813673,4935.972047883665
ID447,B,2632.615125483877,403.9758406726047,5259.481638279412
ID448,C,2357.397431289201,399.324597657567,-1979.3548856390294
ID449,C,2373.8636802928218,417.2310022439416,-1964.9173175625444
ID450,A,2498.7582888174925,421.4851304682625,5388.898330203269
ID451,A,2604.214154626981,382.1648307642995,5911.336342460962
ID452,A,2340.8759806248854,396.1712208684662,5041.573408529354
ID453,B,2200.0,400.49086737311063,4403.024724112463
ID454,B,2369.4665136784733,395.9962793197852,4734.419438785257
ID455,A,2680.8442116929255,426.8938388699631,5929.054131159287
ID456,C,2551.470257652531,403.359329171346,-2160.329924213124
ID457,B,2698.581220568082,387.91942259424485,5388.771582528742
ID458,B,2330.2275786800956,408.94663509341007,4654.546860472269
ID459,B,2254.0905598503914,404.0646180826929,4514.6935724765035
ID460,A,2569.382282897131,404.5628937933013,5672.866062247444
ID461,A,2536.003410652757,427.11814238198787,5474.048143134908
ID462,A,2545.833148056589,405.26177763632217,5613.169477709274
ID463,A,2639.9494963975853,395.44507714189007,5934.290807834505
ID464,A,2563.252738586839,370.6708536053485,5840.363701265256
ID465,C,2560.8426389710567,397.5190147278473,-2175.417391028059
ID466,C,2607.251052070171,419.5895487599078,-2201.0663930198043
ID467,A,2575.362494828054,398.6324632066572,5734.120437529134
ID468,B,2628.616889757611,366.39925152220746,5237.316712489484
ID469,A,2651.2781237167874,392.5245641171133,5965.473918134193
ID470,C,2729.7533201861374,414.8903280836919,-2308.4689924928844
ID471,C,2402.621301264448,408.18725761843024,-1981.8464043349236
ID472,B,2572.084316111612,387.401786552339,5138.5669947989145
ID473,C,2444.4514947104053,391.5207283540138,-2060.9476141815644
ID474,A,2374.96615190811,393.83937011346376,5167.768027868707
ID475,B,2396.568951837945,390.05929342205604,4779.391445059903
ID476,A,2574.243327634229,369.55489198390626,5858.595051486502
ID477,A,2562.7378832179,411.4538665092978,5639.435954191713
ID478,B,2560.0618043857658,418.8558993503364,5120.232067009679
ID479,A,2466.1429528646,377.2232658405289,5525.0910502626375
ID480,C,2500.5122126767615,418.6577939887947,-2107.5376092333026
ID481,A,2622.6629043814073,398.4546519790418,5858.907365355591
ID482,B,2276.591041052604,418.3769852225181,4553.354066823338
ID483,B,2503.6963147642878,400.5692565443567,5012.404713910381
ID484,B,2513.4934222190186,402.03316888237947,5037.150809490311
ID485,A,2612.9956403616475,405.5865197047332,5813.1521357869815
ID486,B,2297.4627382085764,388.14900512297083,4596.9013382814555
ID487,B,2724.2700618276117,417.92011216492034,5443.867305138861
ID488,A,2532.0445636642767,383.17929042887823,5699.328097707294
ID489,C,2539.9870820042406,393.96899883224995,-2159.2543646376366
ID490,A,2439.793036400166,407.8639701646475,5284.367500207931
ID491,B,2580.7033532195264,392.36207139271806,5149.553000423996
ID492,B,2507.193107542466,411.6629686122242,5020.803557634592
ID493,A,2681.34729161597,420.63799259775936,5928.40770102646
ID494,C,2283.7758627904577,415.18819001580755,-1859.6618843926447
ID495,B,2526.331874483576,370.9582702948207,5054.009008329046
ID496,B,2561.276852256614,401.8877045442904,5143.489374592332
ID497,B,2472.0441408455363,415.43023916044586,4940.716045923814
ID498,A,2439.300126503943,380.24876729766913,5421.756136418454
ID499,B,2445.556408154694,410.8541588084331,4881.756940943859
ID500,C,2526.1958904051744,410.0119117245897,-2119.6386947578803
ID501,B,2228.506164852894,381.818651620926,4458.28132345912
ID502,B,2644.7522441594842,412.5134899861024,5271.177849249312
ID503,C,2427.9802198456223,404.090466902949,-2040.9012401528905
ID504,B,2519.170404605017,409.755726830819,5045.539120808062
ID505,A,2555.06534001821,385.50531421352304,5735.916407128635
ID506,A,2421.1291919030564,402.25204174557075,5245.012248584739
ID507,A,2480.3442389501506,374.42682168801514,5560.0547742453755
ID508,C,2200.0,365.84513188700424,-1842.53673366168
ID509,B,2609.818541099961,402.11242639791624,5220.987690780021
ID510,A,2662.0103500483247,416.5089641014197,5908.82666000727
ID511,C,2244.850967209187,403.7940522139762,-1866.1622017507134
ID512,B,2439.0260684955606,399.0483090408378,4895.00614567236
ID513,C,2315.5195932638776,397.1869881991769,-1902.2321959093968
ID514,A,2473.338951776889,385.861519128354,5462.741402526335
ID515,A,2597.2954502081443,396.6720864430704,5821.557038764955
ID516,A,2648.096334888494,406.32526702396666,5925.3252957616205
ID517,C,2668.277978414027,393.47166650799056,-2274.8009659757863
ID518,C,2696.581573703832,411.25880280753665,-2300.888794358914
ID519,A,2466.638083231665,402.939625507969,5397.398859255131
ID520,C,2327.956205689984,404.7546912666011,-1926.0962872189511
ID521,A,2482.8114549538045,413.3299413032644,5388.371204470919
ID522,A,2594.9901253455364,392.0986685101751,5851.107448749274
ID523,B,2315.9110328618713,409.8907087928043,4634.844106731226
ID524,C,2749.0205430172364,394.2028492412204,-2365.8203100766386
ID525,A,2634.683280814051,405.0927172572826,5874.557484216704
ID526,A,2469.0149247353006,390.31342974045145,5446.004281180753
ID527,C,2393.369210438314,386.339442654029,-2001.8278911749028
ID528,B,2399.6318378331034,401.3779711847274,4789.590864961209
ID529,B,2511.1309320700234,371.72199921968325,5016.587647071851
ID530,A,2465.5896095904473,395.5559883473668,5403.575722541616
ID531,C,2642.575413292394,375.9043449158623,-2268.2561124427616
ID532,B,2448.5536257546055,411.6885105147041,4899.228309028836
ID533,C,2575.825271591724,415.7516589416337,-2192.2910692155
ID534,C,2495.6612673737695,387.0407316786879,-2105.505652957319
ID535,A,2540.4504036095605,406.42469443710246,5588.679335870007
ID536,B,2465.4915346605426,413.4870357053124,4921.803165936011
ID537,A,2606.157331187443,413.5370383375267,5775.130348965934
ID538,B,2608.3810120435114,403.2167625095746,5228.26374241828
ID539,B,2568.9893538733218,411.01457013342247,5124.8218779128265
ID540,B,2591.1271490724257,390.2600303211941,5192.313140699705
ID541,B,2358.344683368542,401.2468369848502,4731.623343649337
ID542,B,2548.486864436347,392.99344889813835,5098.557979944105
ID543,C,2687.38026512313,388.9931803932195,-2294.0497802865425
ID544,A,2573.7106850529244,400.5409508720444,5722.487460801611
ID545,C,2345.3923745797715,405.2129556423711,-1965.20920924448
ID546,B,2492.535023552637,417.4526315193248,4982.827611943069
ID547,A,2556.2466907509565,403.9773329094833,5645.986453601645
ID548,B,2386.3900724652535,409.62895802442324,4789.942012569226
ID549,A,2296.259320491497,409.7992475987431,4843.786457843517
ID550,C,2452.585319734521,440.3130154854544,-2015.843635794467
ID551,A,2388.8751388048445,372.84951395091133,5301.296349768085
ID552,A,2497.8566452915047,389.68099199744233,5557.445602866832
ID553,A,2261.2893028755566,422.1108407873212,4671.098688731119
ID554,A,2584.7051593804235,394.7198038771979,5772.138112358181
ID555,A,2404.8092447059967,413.2870470640258,5144.684072482811
ID556,B,2649.3628355022033,403.45014285644254,5310.014024730279
ID557,A,2458.4651740305435,431.57803601812014,5223.459320868205
ID558,A,2496.191643042327,383.30418359404433,5572.585226836949
ID559,C,2474.0447681954624,418.3270082877822,-2053.4192883143423
ID560,A,2396.776046484959,426.2437195790875,5052.392631876293
ID561,C,2800.0,384.78371684248,-2417.543675962832
ID562,B,2425.6200732989073,411.7430536537202,4843.28049473652
ID563,A,2653.528228369849,385.51753021256417,6029.459682635129
ID564,C,2335.955658090491,400.4524235880269,-1919.3490953389446
ID565,C,2555.8197086639743,396.1511810472674,-2172.602989353233
ID566,B,2571.830824589775,363.95869097650467,5135.397037182475
ID567,A,2496.3734534352807,406.36351389567847,5442.251204472221
ID568,A,2414.349292054064,402.15008751409346,5214.646533505473
ID569,C,2460.5017146079053,422.1861846010864,-2040.5567929771626
ID570,A,2439.506574704032,409.16715481974313,5265.272639831772
ID571,C,2800.0,434.36325886118146,-2344.4964739693123
ID572,A,2496.609536583277,401.6056357311807,5478.406272539794
ID573,C,2578.7333167995926,398.4170492199654,-2164.843505218467
ID574,A,2767.2437635638053,397.23465023924354,6327.174117194485
ID575,B,2368.552199803873,393.4061693345234,4734.596949745058
ID576,A,2505.6490349751907,366.88373625426146,5707.850050639292
ID577,A,2459.6220802477915,396.6970805948806,5398.6032456065495
ID578,B,2487.0792331774956,368.9821791034601,4992.314577547039
ID579,A,2473.148204932377,406.78050016878655,5402.301276652174
ID580,B,2390.2184371554677,381.3990956129412,4785.4126501321925
ID581,A,2529.311542749495,386.5850106536737,5664.023145153787
ID582,C,2340.6050833875847,389.95884707751173,-1943.1573793286393
ID583,C,2648.332410596353,396.9259744328013,-2265.137573340252
ID584,A,2593.4964709981905,400.10302382408554,5780.66177812758
ID585,A,2425.9805775453974,416.26719374609604,5209.496730713048
ID586,A,2433.252501793921,391.3370485973867,5361.38649820317
ID587,C,2541.326584352238,407.2021920433356,-2142.772068370886
ID588,A,2380.2182026590726,440.96300849835353,4942.1855411072065
ID589,C,2771.7970186202306,405.66026054144845,-2364.3263155194513
ID590,B,2553.688859303765,397.2926531660255,5105.963229832551
ID591,C,2558.9894727075516,388.31272522107554,-2166.4047159357756
ID592,C,2602.216762053593,397.0850268186951,-2202.5157663069044
ID593,B,2413.0805088894895,386.7066948458589,4832.65790860545
ID594,C,2663.3514972677162,404.02992140025657,-2242.020974736059
ID595,A,2517.1800049323197,401.5531620795909,5553.183735489381
ID596,A,2642.521820649825,367.5667116862331,6093.458998624781
ID597,C,2470.3070310147505,399.721629913509,-2048.2099004193647
ID598,A,2697.591734009678,416.1421946896002,6025.383383731597
ID599,C,2560.2015440537184,394.0133222169587,-2167.2970030999995
ID600,A,2800.0,390.20654841382657,6434.361813102632
ID601,A,2444.5717574766654,379.33448840324724,5425.188862242714
ID602,C,2530.682409413612,372.1301193756339,-2147.35350065819
ID603,A,2345.2635629694764,412.4702390059488,4965.875744127649
ID604,C,2420.605264368067,397.27782505631205,-2035.4241050370983
ID605,A,2592.8029821771856,411.58032343005135,5711.410305461054
ID606,A,2669.3986656309253,422.96985616869205,5885.0981043042275
ID607,B,2800.0,413.8187152736552,5610.207772013387
ID608,B,2485.505664006517,391.8644151784181,4969.1304231036465
ID609,C,2360.01798885316,402.17301496986335,-1974.3134690868899
ID610,B,2612.998864056586,390.7784070226462,5226.370266886321
ID611,C,2330.825916924804,389.37567306097503,-1938.78305027445
ID612,B,2584.6416082040105,405.1422274360394,5163.531174070731
ID613,A,2424.661642570881,387.5155917532274,5350.277589956819
ID614,C,2531.739245557059,366.8627257136695,-2169.927786471697
ID615,C,2663.6569153247,386.67778156408934,-2263.6790815209647
ID616,A,2483.3899856378957,395.3967827696894,5480.347436421339
ID617,C,2639.931862649293,422.8209774674788,-2205.9916190852814
ID618,C,2630.9737822928723,392.63593825192953,-2251.52045413062
ID619,B,2220.350270753636,407.6788613654391,4441.880263814129
ID620,C,2364.7598880946643,397.475376490569,-1967.9184476589926
ID621,A,2265.7289707906793,418.39607715805573,4688.142448282869
ID622,B,2800.0,417.3564457819594,5613.260728757635
ID623,B,2484.1912111844013,417.6426265785988,4958.573611605914
ID624,A,2767.1243819449965,373.9902470587397,6424.10709659526
ID625,A,2255.0571579187026,403.10086070867493,4737.507380185561
ID626,B,2414.0847363177213,411.3840790018292,4836.583708548287
ID627,C,2620.074736264896,405.72307843884,-2232.662814451327
ID628,B,2526.891190664003,409.5489448873274,5061.196878933581
ID629,A,2579.9289839220187,400.8752650642822,5747.944794279567
ID630,B,2311.9287649310113,388.8282368991021,4630.303670993531
ID631,A,2706.5205239318393,374.54353922520625,6255.395417475644
ID632,B,2616.5524143635935,390.31645857027286,5242.219386362123
ID633,C,2560.243825823721,440.17164810457587,-2131.4652696398543
ID634,B,2397.1584578377287,392.7152323586399,4811.53373543143
ID635,B,2548.570019140892,370.60914660863887,5091.619123232182
ID636,A,2456.2765031509766,410.98974041093624,5313.084155987169
ID637,A,2252.4263184943356,412.83190013023966,4689.127807011598
ID638,A,2492.436572241777,419.3098658522821,5386.658892914448
ID639,B,2476.490440266621,407.0646775556017,4946.524433615593
ID640,C,2659.360226481268,412.68402271700427,-2245.8732150734154
ID641,A,2200.0,427.60325702262986,4447.159589081098
ID642,A,2535.2799743282053,388.8178976190683,5675.726417391294
ID643,B,2326.6647927841423,385.8422394186442,4661.378476919687
ID644,A,2547.883501329332,383.58120190670604,5722.237377311645
ID645,C,2556.142008336596,396.01345620259025,-2165.7583404943157
ID646,C,2486.9732834304714,421.5013362973775,-2057.736408177281
ID647,A,2621.093968721663,407.92102551619354,5815.1892580163885
ID648,A,2313.135091135045,407.3303792906383,4904.257760741125
ID649,B,2666.158067542255,372.71038107002914,5346.252920533687
ID650,C,2393.788170070879,389.6021975914537,-2013.9210579090716
ID651,C,2266.6152024265157,372.4651355070694,-1889.7268569700038
ID652,A,2459.140604425029,417.56868683982316,5293.367082279196
ID653,B,2200.0,423.78469739328597,4398.831958176048
ID654,C,2538.1260838369303,411.6935009086057,-2132.478057937572
ID655,C,2461.112433612966,385.19820931390683,-2061.3366596163264
ID656,B,2685.0530382064053,422.2303374042369,5362.935252783607
ID657,B,2597.3386315760495,396.20117634962185,5172.932796338543
ID658,C,2291.2005494217983,381.7831107887101,-1901.731035533516
ID659,C,2374.241876332317,385.53393618082464,-2003.1235803487066
ID660,B,2578.0996630801314,393.54765046612243,5164.501899898524
ID661,C,2627.061851497755,400.7436778072706,-2210.299334716363
ID662,A,2683.375137233032,397.5798368252231,6069.783226113765
ID663,A,2682.1763927958023,378.80997372743457,6165.336245372884
ID664,B,2486.5716084628143,418.19974613778464,4997.383806208784
ID665,B,2554.398343337675,397.74091120844736,5120.397812226658
ID666,B,2694.8107755915694,389.2936921559402,5393.588431894644
ID667,A,2454.5037307096077,416.6545354297415,5299.8458931824
ID668,C,2556.9589280410187,382.24890717600204,-2153.6527143268577
ID669,A,2450.967883048052,375.5666472463823,5496.295674311358
ID670,C,2417.357782830186,419.08731169898107,-2004.176193313557
ID671,A,2507.2577677428703,428.3708177432551,5363.670994210354
ID672,C,2396.8684822990613,393.068559720229,-2010.4382287800508
ID673,A,2480.3626040845375,399.31044988124285,5452.979262236916
ID674,B,2344.7567703201803,382.8000292821865,4691.423447984346
ID675,A,2471.500841922643,400.0823882536509,5411.612812677552
ID676,C,2567.258544042379,392.86442104403204,-2167.668346212688
ID677,A,2411.685469568981,398.46807339947503,5225.066380729489
ID678,A,2501.393762879637,406.13887581395863,5475.180941153416
ID679,A,2520.9013890431897,383.5278178295373,5658.486569720057
ID680,B,2567.8802337732004,394.57282991151146,5142.352255281099
ID681,A,2479.9630238042178,372.9432786733273,5583.474395908022
ID682,B,2662.879951280171,394.67519073830067,5344.928376039772
ID683,B,2200.0,398.598488936245,4399.206280581516
ID684,A,2800.0,403.43473637591615,6374.989218184215
ID685,A,2369.3299353943726,403.59364810544815,5104.295746167857
ID686,A,2560.5085035031116,413.55884126105286,5627.784751776478
ID687,C,2359.2298134691227,376.9050022109002,-1975.625311161153
ID688,A,2596.6402239263953,377.7058445507456,5899.466997018468
ID689,B,2541.485372889239,407.9343690458878,5082.987301590574
ID690,A,2402.3929693982363,369.41558084491874,5344.779728544543
ID691,C,2660.963101811547,402.7495031815749,-2244.8582402674856
ID692,A,2475.405868059712,382.2956059061516,5527.671390362727
ID693,C,2582.0823907085505,423.5922196137577,-2174.230364100394
ID694,C,2362.4260292205945,403.75678611591667,-1948.2576580978043
ID695,A,2495.366854664263,396.7126597043041,5507.386485331376
ID696,B,2800.0,418.41581315708765,5587.73631067531
ID697,C,2644.4448293671194,384.0489699014357,-2274.8678618785534
ID698,A,2546.143113317658,386.8988554886829,5708.41698174238
ID699,A,2432.6618758585305,381.07817749517335,5387.822290732842
ID700,B,2510.124780381251,387.0244116047651,5042.088946969098
ID701,C,2529.6348985258574,400.9167341405108,-2117.2869836495597
ID702,C,2567.3842652379617,407.4092780799058,-2154.2906695172696
ID703,A,2338.50092377335,414.42132528051314,4949.673092965513
ID704,A,2600.2611941413547,372.6291392964889,5953.608292106026
ID705,B,2336.561035255802,397.4220552030506,4683.280287612331
ID706,B,2744.668877842281,383.377532032138,5495.334952946514
ID707,C,2384.255751637468,396.9206936276785,-1999.09819212536
ID708,C,2544.494247951426,435.0124537019056,-2072.738430664646
ID709,A,2650.7713859917026,404.37792643000023,5917.186332737408
ID710,C,2462.1429934803327,413.4919745672237,-2052.401531758311
ID711,B,2551.090002864979,429.4103690824157,5082.323266413038
ID712,B,2715.277232378508,416.9103736476214,5437.020042662247
ID713,A,2584.66044818399,393.28128280469525,5789.388255775912
ID714,B,2553.332594451153,380.86251870145094,5115.848506162683
ID715,B,2247.2821907769307,399.54783595718726,4473.6955939806085
ID716,B,2359.9416620889665,391.4844132367197,4733.238192186504
ID717,B,2657.038019147502,377.1321807007124,5304.386813477368
ID718,A,2585.492545801207,403.613874959342,5736.620200214545
ID719,A,2608.2199410677613,403.98829447088997,5815.897206073007
ID720,C,2595.3095398322343,426.5367505039493,-2165.637589118702
ID721,B,2693.463479256306,394.5735539674478,5390.910269192615
ID722,C,2460.7900112567318,404.2018208345417,-2046.9980445833253
ID723,A,2518.0749938183953,390.01771877964677,5609.281875236217
ID724,A,2345.6988500306375,413.097541460402,4967.515547959318
ID725,A,2308.2966124845434,398.13073305714806,4932.2385426290675
ID726,A,2253.438892661791,382.41112586720885,4850.803592793151
ID727,A,2367.2254751500227,399.7979226750226,5091.940138952399
ID728,A,2732.884272323446,405.85784346347504,6181.315703565627
ID729,A,2267.0909398275944,403.82910081120343,4785.591162596455
ID730,B,2454.4696021634204,415.688450732438,4909.836519541905
ID731,C,2306.0282014530762,378.27915441938967,-1913.4390883253088
ID732,A,2409.8539055494957,387.35886114977586,5291.326047181072
ID733,B,2525.4540688528027,409.59680997693306,5048.719085739776
ID734,B,2394.982619019249,389.12096533058394,4784.14969287045
ID735,C,2663.449729752469,403.6070687399531,-2255.7258569054047
ID736,A,2730.096718127435,363.7038212888236,6375.472449238165
ID737,C,2200.0,440.7391985846932,-1767.2562118214257
ID738,A,2397.5511504473316,395.95422202663997,5210.7500134834345
ID739,B,2508.8713183408636,417.9093438998242,5009.827409459496
ID740,B,2668.917553902307,394.9465326162476,5329.376686358829
ID741,B,2431.8633587270106,406.2204779309633,4842.967943473299
ID742,B,2497.0096907131283,422.37879469517907,4991.248458382078
ID743,C,2326.4883662422076,417.4870902881258,-1929.427835147042
ID744,A,2270.080622160648,396.93317530472166,4820.022201722261
ID745,A,2716.80770343744,397.9711851190946,6153.214848966316
ID746,C,2226.3895189160594,415.05349840274926,-1798.713279826123
ID747,A,2800.0,434.9986660642795,6212.827452002887
ID748,B,2608.7727099072613,402.8842401159856,5208.411183196748
ID749,A,2601.995961327513,429.3559546081246,5654.629821271618
ID750,B,2586.3203001241645,396.3787838436969,5165.6788764302955
ID751,C,2462.0971467998556,414.27940545264704,-2031.386683778146
ID752,A,2558.8126794551304,416.5173364337093,5580.1885477202495
ID753,C,2471.6654968323287,393.8505924422084,-2082.3677583779504
ID754,A,2582.960991466072,388.79382881047536,5808.898613335811
ID755,B,2494.9470209636925,417.1808378282103,5000.468242043889
ID756,C,2357.4477725347397,392.02664594135416,-1969.9840252645479
ID757,A,2369.4141075607367,386.584751309869,5152.30137092682
ID758,B,2352.3591437061245,389.74060747301354,4702.917036753223
ID759,C,2645.6351097901465,391.9657999236188,-2237.4449681523593
ID760,C,2407.3830081311353,412.84925656938515,-1991.1475026725852
ID761,A,2213.184525837271,407.7256400991428,4603.762391364418
ID762,A,2559.525799877321,410.73487367136835,5612.146815376196
ID763,A,2727.177634388437,406.32069716647123,6135.941358249491
ID764,B,2615.962478376629,391.0923975663004,5232.141456536867
ID765,A,2409.5014652167433,410.4565428386241,5159.1051343897325
ID766,C,2261.9782426607367,417.73680739907957,-1834.8650885933068
ID767,C,2479.8597844963733,408.76754824178965,-2081.25199124098
ID768,A,2476.1164182854936,406.7448385993878,5394.329174490765
ID769,A,2354.620058452935,388.49418240143984,5098.7600603265555
ID770,C,2582.6555953363804,403.1772561846172,-2184.203961573085
ID771,B,2776.993975124571,387.6963800582695,5539.757623683579
ID772,A,2533.3424076187425,399.63958212879095,5573.9658352041715
ID773,A,2524.071431049827,375.39600041162026,5701.7363961634155
ID774,C,2359.4157926749267,375.5116239551186,-1964.2102542507093
ID775,A,2709.612205459056,397.13428465079454,6156.718876195323
ID776,B,2488.7283749784974,391.77340492259515,4985.637038235841
ID777,C,2413.1555117208745,401.6018079021126,-2016.5231578341086
ID778,A,2509.5532590477424,397.9784713132732,5548.438103319436
ID779,C,2570.7941999869913,400.4528618081523,-2155.6550997959544
ID780,A,2520.8823112967357,409.1291116353511,5518.643237669507
ID781,A,2680.923009350589,393.0509656650875,6063.301877658586
ID782,A,2557.5957328820296,396.70834282532707,5683.252872936357
ID783,B,2457.40872836762,421.8253183414475,4935.249814595415
ID784,B,2560.1788324490335,400.0462619023754,5119.460734880265
ID785,C,2574.9455651688936,397.31184288061917,-2217.5307909272074
ID786,A,2305.5436121104235,401.23769048984786,4892.815302317989
ID787,A,2672.412959239557,397.57953440485704,6024.247821256677
ID788,B,2454.864397095796,389.3564156057016,4922.158697052603
ID789,A,2458.7015164741856,385.0295524423042,5447.679318982153
ID790,B,2612.706398061392,388.5485298977499,5238.065975982463
ID791,A,2612.0747836389373,413.0937878015618,5764.441463666433
ID792,C,2394.875248170087,390.55142117922384,-2027.8953372576907
ID793,A,2620.435242721853,397.67613097245584,5867.026339400101
ID794,A,2415.9327772765714,410.51104427699346,5199.382450463301
ID795,B,2772.935957004798,395.8241324378353,5549.015318201692
ID796,A,2375.7709028101353,409.5004197226548,5064.749316826053
ID797,A,2535.9216192558847,376.888104363537,5719.109981528323
ID798,B,2382.697354463859,398.0122498068716,4797.6107997844865
ID799,C,2800.0,401.18344144897765,-2413.615784466585
ID800,C,2314.3268583869326,400.3470808464725,-1906.051096806895
